1,2,3,4,5,6,7,8,9,10,11,12,13,14,16,19,20,21,22,23,24,25,26,27,28,29,30,31,32,33,34,35,36,37,39,40,41,42,43,44,45,46,47,48,49,50,51,52,53,54,55,56,57,58,59,60,62,63,64,65,66,67,68,69,70,71,72,73,74,75,76,78,80,82,84,86,88,90,91,92
,,,,,,,,,,,,,,,,,,,,,,,,,,,,,,,,,,,,,,,,,,,,,,,,,,,,,,,,,,,,,,,,,,,,,,,,,,,,,HV BG 1 T,HV BG 2 T,HVP BG 2 T
Time [h],1000000413,1000000474,1000000535,1000000726,1000000781,1000001095,1000001166,1000002098,1000002221,1000002479,1000002532,1000004170,1000005888,1000006109,1000008094,1000010236,1000015549,1000021130,1000024142,1000024246,1000027331,1000030660,1000037267,1000037332,1000040707,1000044364,1000044444,1000067215,1000067274,1000067326,1000067362,1000067386,1000067387,1000067461,1000067492,1000067493,1000067598,1000067603,1000067653,1000067700,1000067701,1000067853,1000067854,1000067888,1000067931,1000067932,1000067969,1000068017,1000068020,1000068021,1000068068,1000068069,1000068096,1000068101,1000068180,1000068183,1000068184,1000068371,1000068545,1000068582,1000068670,1000068671,1000068673,1000068674,1000068736,1000068737,1000068751,1000068762,1000069172,1000069777,1000069916,1000070799,1000070985,1000070999,1000071087,1000071247,1000000372,1000000480,1000000671
0.1,1660.95,1580.68,1705.14,1239.61,1951.13,1531.46,1598.57,1691.74,1366.04,1029.59,1519.33,1561.77,762.643,911.814,1577.98,1310.51,1024.59,1250.47,1193.58,1102.41,1737.4,1338.39,1566.18,1740.87,1515.38,1256.4,1035.6,1123.62,1160.99,1268.87,,1891.18,1891.18,1187.22,1679.71,1679.71,,,,2156.56,2156.56,1699.78,1699.78,,1893.2,1893.2,,,1524,1524,1158.87,1158.87,,,1151.77,1871.64,1871.64,,,,2136.78,2136.78,1774.74,1774.74,1179.38,1179.38,,,,1361.9,1406.68,1278.43,1835.87,1622.12,1731.87,1006.41,335.981,853.656,1294.53
0.2,1565.55,1696.62,1972.64,1283.33,1901.69,1691.04,1362.18,1602.39,1683.58,1117.08,1610.62,1637.33,871.805,1123.79,1390.31,1410.26,1267.76,1058.01,1146.98,1007.3,1732.52,1294.93,1021.48,1617,1656.42,1619.76,1025.37,1205.42,1109.57,1163.7,1629.12,1522.94,1522.94,1021.78,1822.66,1822.66,,,,1944.8,1944.8,1671.62,1671.62,,1977.83,1977.83,,,1368.36,1368.36,1194.43,1194.43,,,1285.87,1964.02,1964.02,,,,1921.32,1921.32,1650.21,1650.21,1189.89,1189.89,,,,1436.76,1542.7,1239.45,1645.47,1778.44,1510.68,1086.68,439.296,894.979,1358.67
0.3,1571.78,1445.87,1959.37,1200.35,1883.42,1545.75,1661.91,1738.88,1589.84,1236.34,1546.9,1778.03,810.874,804.053,1530.88,1195.86,1208.07,1084.68,1209.69,890.786,1568.53,1220.79,1158.27,1624.21,1505.78,1506.14,1038.88,1145.71,1142.35,1200.63,1530.38,1787.29,1469.9,1037.97,1834.32,1834.32,,,,1824.85,1824.85,1682.05,1682.05,,1973.41,1973.41,,,1284.23,1284.23,1082.53,1082.53,,,1216.14,1961.6,1961.6,,,,2080.63,2080.63,1515.7,1515.7,1136.03,1136.03,,,,1639.91,1486.95,1157.94,1865.39,1724.17,1664.84,1072.55,435.219,1054.93,1446.64
0.4,1691.24,1499.56,1944.49,1428.17,2019.8,1834.75,1694.49,1629.13,1735.62,1111.76,1631.98,1778.32,857.08,983.548,1665.3,1337.42,1265.58,1162.99,1333.7,962.895,1685.06,1353.83,1587.5,1744.97,1768.76,1653.98,1047.62,1146.82,1140,1166.24,1582.31,1622.79,1655.64,1160,1432.17,1432.17,,,,2033.12,2033.12,1750.56,1750.56,,2159.9,2159.9,,,1275.85,1275.85,1083.01,1083.01,,,1331.11,1896.29,1896.29,,,,2131.77,2131.77,1271.93,1271.93,1163.62,1163.62,,,,1564.24,1471.79,1213.41,1904.87,1511.43,1865.4,1065.43,525.717,1034,1619.71
0.5,1622.89,1503.58,1994.67,1377.44,2102.92,1829.58,1554.34,1895.12,1623.85,1130.58,1502.25,1930.17,821.583,1116.68,1573.03,1289.1,1100.63,1175.36,1326.3,1046.17,1782.09,1321.39,1564.95,1828.28,1509.38,1693.46,1228,1097.06,1298.8,1214.15,1042.54,1590.91,1726.09,971.51,1530.89,1344.07,,,,1948.28,1948.28,1765.77,1765.77,,2148.83,2148.83,,,1272.7,1272.7,1251.15,1251.15,,,1231.9,1901.14,1901.14,,,,2103.88,2103.88,1416.37,1416.37,1322.82,1322.82,,,,1547.27,1402.59,1263.55,1762.27,1919.78,1798.17,1332.65,466.096,960.279,1328.41
0.6,1425.59,1489.38,1843.58,1310.68,2004.92,1938.48,1578.1,1763.02,1761.66,1236.75,1590.69,1772.93,837.985,1023.36,1740.7,1287.02,1034.85,1222.67,1244.29,1087.71,1719.73,1341.02,1584.3,1760.59,1606.58,1607.28,1184.94,1227.65,1120.64,1141.42,1307.4,1632.6,1563.57,1040.13,1773.22,1882.07,1496.3,1519.15,,2120.82,2120.82,1792.94,1792.94,,1973.71,1973.71,,,1447.34,1447.34,1150.74,1150.74,,,1317.09,1826.5,1826.5,,,,2114.45,2114.45,1369.66,1369.66,1139.51,1139.51,,,,1594.23,1396.28,1303.52,1876.97,1973.68,1717.18,1178.68,548.772,944.257,1304.69
0.7,1457.63,1527.62,1848.21,1348.47,1962.96,1936.89,1805.46,1741.46,1630,1121.22,1534.88,1872.88,765.746,1026.43,1709.21,1246.17,1094.57,1135.18,1391.19,1080.52,1762.22,1399.17,1418.01,1838.45,1429.19,1749.11,1187.32,1031.98,1097.98,961.491,1311.18,1667.75,1421.68,1003.91,1595.07,1663.4,1359.84,2028.09,1136.25,1949.1,1949.1,1859.13,1859.13,,1930.64,1930.64,,,1450.41,1450.41,1171.43,1171.43,,,1172.45,2026.5,2026.5,,,,2048.89,2048.89,1525.82,1525.82,1169.04,1169.04,,,,1569.28,1653.64,1459.29,1815.6,1850.93,1626.71,1075.33,563.359,926.885,1394.29
0.8,1440.28,1452.92,2016.1,1408.2,1922.63,1956.16,1812.1,1785.25,1638.45,1157.75,1519.96,1812.3,806.424,1047.8,1696,1170.84,1053.86,1319.22,1208.35,1156.87,1614.35,1375.55,1495.27,1813.63,1627.79,1741.76,1175.87,1037.21,1119.56,1017.44,1316.32,1497.74,1561.88,1107.48,1662.08,1773.4,1420.13,1591.81,1021.3,1942.68,1301.65,1625.83,1625.83,,1965.71,1965.71,,,1427.1,1427.1,1093.67,1093.67,,,1314.7,1952.65,1952.65,,,,2057.25,2057.25,1505.21,1505.21,1037.2,1037.2,,,,1696.3,1677.81,1328.63,1689.02,1746.21,1393.32,1144.84,559.128,796.121,1421.44
0.9,1623.43,1533.36,2119.15,1405.54,1986.58,2168.11,1712.62,1677.47,1595.43,1102.06,1492.45,1724.5,805.911,1008.77,1828.94,1199.75,1027.49,1274.33,1314.8,1217.49,1782.35,1462.01,1466.38,1771.58,1766.02,1879.63,1122.26,1135.66,1138.87,1206.3,1461.28,1675.96,1545.43,1013.86,1507.58,1516.32,1455.78,1553.67,863.051,1752.86,1902.81,1986.56,1986.56,,1861.88,1861.88,,,1340.15,1340.15,1161.29,1161.29,,,1135.24,1979.63,1979.63,,,,2180.43,2180.43,1735.94,1735.94,1096.55,1096.55,,,,1581.88,1619.76,1469.48,1706.27,1644.58,1353.11,1091.94,607.064,828.179,1813.82
1,1503.13,1272.49,1744.36,1222.29,1772.65,2006.16,1865.59,1531.73,1340.6,876.287,1182.36,1424.85,674.94,747.135,1494.22,1012.52,794.84,1074.44,1162.33,830.445,1587.49,1099.44,1210.22,1444.96,1494.44,1601.64,936.612,908.134,995.473,852.004,1240.53,1456.11,1399.66,804.607,1366.11,1395.35,1241.71,1549.54,833.952,1372.11,1530.85,1739.28,1739.28,,1735.68,1735.68,,,1064.74,1064.74,929.199,929.199,,,1061.9,1764.82,1764.82,,,,1864.7,1864.7,1559.13,1559.13,923.736,923.736,,,,1485.85,1384.09,1155.12,1580.19,1604.15,1416.93,990.326,524.022,803.892,1986.31
1.1,1713.37,1267.75,1941.39,1253.17,2123.65,2097.02,2082.8,1838.41,1785.47,1037.56,1291.5,1724.59,783.939,1036.48,1687.48,1311.24,1144.26,1238.66,1401.39,1094.71,1769.92,1442.44,1333.12,1748.92,1599.74,1749.43,1135.39,1104.95,1239.62,1111.19,1274.7,1700.81,1583.99,1092.18,1673.01,1493.79,1370.26,1713.49,936.148,1938.24,1771.64,1966.91,1767.67,1336.45,1790.98,1790.98,,,1479.49,1479.49,1065.84,1065.84,,,1264.23,2020.96,2020.96,,,,2280.5,2280.5,1709.04,1709.04,1163.91,1163.91,,,,1665.79,1360.85,1434.05,1849.49,1692.92,1661.85,1071.45,565.616,703.237,2360.23
1.2,1801.29,1434.62,1992.01,1370.34,2002.17,2035.45,2119.63,1936.92,1805.12,1080.95,1485.01,1745.43,826.747,1082.38,1834.32,1290.22,1268.31,1186.89,1358.52,1245.81,1911.46,1312.82,1400.65,1851.74,1701.73,2016.61,1254.85,1165.73,1069.03,1082.94,1499.74,1590.43,1517.43,1129.45,1791.39,1678.44,1499.63,1727.23,921.474,1846.91,1674.37,1738.53,1529.14,1318.51,1364.47,1686.67,1207.44,,1188.21,1188.21,1188.13,1188.13,,,1283.01,2053.71,2053.71,,,,2114.3,2114.3,1690.49,1690.49,1190.05,1190.05,,,,1716.12,1550.06,1421.64,1834.59,1658.67,1858.9,1147.62,627.52,1052.25,2242.84
1.3,1786.16,1397.42,2026.91,1525.29,1933.03,2232.25,1886.99,1829.86,1926.38,1109.73,1538.67,1861.08,930.645,1102.76,1748.4,1369.71,1109.43,1367.93,1188.96,1333.3,1788.61,1373.81,1492.4,1856.15,1781.26,1924.33,1131.65,1130.89,1035.85,1045.83,1262.53,1913.47,1719.67,1125.86,1978.89,1627.81,1505.58,1726.69,921.105,1746.08,2089.45,1488.34,1656.54,1196.88,1378.45,1602.22,1403.21,1115.11,1089.46,1230.87,1528.86,1528.86,,,1467.17,2124.83,2124.83,,,,2215.3,2215.3,1821.86,1821.86,1036.6,1036.6,,,,1710.48,1675.01,1352.27,1900.27,1802.23,1999.94,1230.5,573.014,1059.48,1691.4
1.4,1615.46,1432.87,2089.63,1381.02,1925.32,2132.74,1654.71,1921.37,1882.75,1103.03,1413.71,1679.92,902.305,1150.83,1751.68,1305.32,1259.66,1319.23,1470.24,1190.08,1865.61,1316.25,1495.88,1932.17,1911.86,1900.47,1216.07,965.559,1135.14,1347.27,1658.47,1845.45,1648.41,1203.99,2044.84,1677.89,1327.55,1856.84,1154.59,1865.87,1935,1737.16,1491.55,1317.43,1463.47,1517.12,1377.85,1238.06,1187.1,1242.07,1215.78,1341.17,1751.44,1478.58,1241.99,1520.32,1520.32,,,,2300.56,2300.56,1729.46,1729.46,1065.87,1065.87,,,,1631.1,1663.1,1258.68,1979.26,1852.53,1796.8,1227.66,556.189,944.395,1801.89
1.5,1575.36,1446.32,1932.2,1472.51,2002.62,2115.15,1801.17,1832.66,1546.38,1217.34,1591.64,1706.72,1061.08,991.425,1800.47,1388.27,1146.27,1398.22,1361.26,1213.48,1923.15,1502.11,1199.44,1970.6,1838.03,1705.91,1078.95,808.834,1122.84,1035.09,1647.86,1830.16,1596.12,1091.76,1864.69,1582.33,1433.12,1938.62,1058.37,1886.14,1942.72,1836.93,1407.83,1198.49,1556.43,1542.85,1475.06,1208.17,1303.95,1275.39,1089.58,1354.67,1740.19,1485.86,650.794,1710.65,1150.41,,,,2369.05,2369.05,1772.33,1772.33,1136.92,1136.92,,,,1747.46,1548.28,1292.17,1838.75,1794.61,1795.01,1197.88,609.426,759.849,1859.47
1.6,1614.91,1666.99,2111.21,1319.84,1877.41,2056.82,1995.43,1829.88,1657.45,1142.59,1584.43,1850.11,945.761,983.154,1677.31,1360.11,1075.24,1137.66,1729.45,1266.27,2093.26,1363.45,1234.1,1948.98,1740,1859.42,1127.34,1193.13,1107.19,1100.39,1535.61,1868.23,1443.29,1183.23,1835.66,1433.53,1451.69,1959.08,934.887,1940.41,1909.52,1459.41,1317.53,1179.31,1520.96,1513.67,1587.8,1154.76,1167.46,1572.32,1072.3,1306.01,1801.03,1462.1,1208.09,1830.34,1891.77,,,,2087.43,2087.43,1713.83,1713.83,1046.59,1046.59,,,,1521.61,1634.91,1301.85,1680.44,1836.49,1465.51,1147.67,551.669,863.907,2087.48
1.7,1789.65,1622.71,1943.59,1486.09,2075.46,2122.96,1530.18,1804.65,1439.83,1239.69,1493.91,1785.62,812.012,952.135,1679.71,1344.03,1209.77,1134.26,1556.17,1221.16,1912.17,1364.16,1441.52,1904.06,1573.3,2049.79,1226.72,1292.4,1162.52,1173.73,1415.14,1679.31,1411.47,1031.23,2021.26,1420.65,1541.96,1973.29,934.692,1630.51,1605.87,1636.74,1384.62,1238.76,1677.68,1523.95,1432.92,1157.19,1308.7,1233.83,1078.51,1322.42,1764.19,1102.69,1184.46,1796.82,1633.65,,,,2201.65,2201.65,1401,1401,1046.96,1046.96,,,,1567.74,1214.59,1385,1600.48,1836.48,1694.07,1104.81,619.347,908.983,2062.89
1.8,1815.17,1522.06,2002.77,1544.5,2085.19,2039.4,1873.48,1886.42,1444.84,1256.32,1433.93,2102.44,873.277,1083.36,1909.67,1299.45,1175.28,1156.65,1571.44,1159.78,1842.95,822.317,1622.44,1885.27,1877.83,1895.66,1142.33,1127.94,1160.11,1139.4,1471.77,1981.76,1540.84,960.401,1823.85,1615.16,1625.4,1853.38,1001.07,1734.01,1737.5,1476.69,1618.64,1317.24,1657.48,1499.24,1551.41,1133.37,1257.88,1342.58,1152.93,1426.52,1629.76,1227.44,1184.94,1694.95,1933.91,1594.76,,,2232.37,2232.37,1577.61,1577.61,1110.78,1110.78,,,,1439.06,1460.15,1324.88,1709.57,1685.12,1676.92,1246.41,533.061,682.61,2085
1.9,1639.93,1527.04,2203.47,1359.01,2098.98,2370.98,1635.28,1874.68,1518.37,1476.59,1462.58,2018.22,1019.25,1047.54,1697.3,1309.38,1127.06,1455.21,1595.35,1167.92,1647.77,1372.46,1645.74,2054.26,1855.03,1598.69,1229.53,1096.05,1255.61,1276.58,1687.65,2003.28,1494.85,1063.25,1700.1,1587.74,1446.96,2046.16,755.247,1840.22,1818.78,1597.79,1572.35,1145.96,1491.46,1408.57,1538.39,1188.25,1247.08,1343.54,1219.01,1489.83,1675.96,1311.04,1336.93,1651.87,1869.14,1529.78,1163.4,,2146.54,2146.54,1559.29,1559.29,1116.1,1116.1,,,,1567.65,1698.86,1283.53,1850.48,1607.35,1853.42,1231.63,612.748,682.312,2093.68
2,1654.82,1852.75,1881.36,1442.45,2145.53,2162.59,1716.84,2104.84,1690.49,1380.58,1662.3,2230.44,971.085,1116.21,1815.11,1348.21,1271.57,1252.42,1414.17,1298.88,1793.01,1088.53,1707.4,2007.89,1920.1,1960.81,1231.08,1288.64,1210.01,1148.36,1449.42,1813.73,1567.19,1137.33,1833.24,1518.19,1417.46,1821.22,1010.54,1964.75,1995.25,1725.03,1587.28,1403.52,1767.35,1549.71,1337.51,1174.49,1434.62,1489.58,1316.4,1275.9,1684.82,1348.51,1244.16,1662.96,1926.53,1585.9,1230.78,,2080.32,2080.32,1496.21,1496.21,1108.98,1108.98,,,,1630.56,1625.9,1284.58,1912.46,1661.64,1905.74,1475.14,520.949,852.057,1742.47
2.1,1798.12,1667.41,1910.63,1433.86,2101.68,1923.16,1611.28,1984.29,1628.02,1309.28,1555.24,2022.15,924.442,1195.54,1780.75,1376.31,1244.5,1278.52,1379.76,1198.7,1791.97,1202.11,1616.66,1921.2,1926.05,1974.45,871.068,1251.63,1239.73,988.445,1458.6,1752.7,1527.7,1166.64,2035.57,1563.88,1690.12,2045.39,1314.89,1906.94,1677.47,2177.69,1677.95,1274.53,1761.9,1561.84,1379.79,1139.45,1265.98,1356.71,1252.42,1170.48,1619.94,1380.19,1284.06,1689.72,1901.79,1509.54,1099.77,1561.52,1867.57,1867.57,1418.44,1418.44,1201.95,1201.95,,,,1724.25,1614.29,1262.26,1845.29,1752.16,1598.78,1429.97,572.376,871.176,1792.54
2.2,1939.49,1536.93,2097.54,1491.52,2306.95,2095.35,1646.3,1878.4,1634.1,1202.2,1519.05,2109.37,971.233,1119.9,1952.06,1269.79,1328.41,1376.88,1522.77,1280.93,1897.57,1311.29,1623.49,1990.64,1676.38,1949.9,1011.52,1202.54,1178.58,1112.66,1484.72,1616,1852.31,1224.34,1943.81,1801.71,1588.02,2012.75,1101.21,2010.48,1781.85,1875.17,1799.98,1377.4,1488.55,1574.71,1319.19,1209.45,1205.28,1467.12,1262.66,1297.29,1831.82,1261.55,1243.77,1717.7,1936.03,1583.48,1188.43,1720.78,2181.71,1700.87,1513.31,1288.44,1033.19,1033.19,,,,1804.85,1847.62,1267.12,1780.29,1878.94,1837.5,1426.7,654.142,827.673,2047.29
2.3,1845.11,1529.5,2337.05,1530.59,2320.32,2108.64,1572.66,2091.43,1624.56,1223.34,1514.02,1941.33,905.898,1058.63,2030.93,1322.68,1269.58,1273.73,1692.41,1312.06,2098.55,1196.96,1730.66,1902.2,1963.5,1960.28,1143.31,1312.75,1172.44,1249.37,1636.15,1713.98,1840.39,1175.58,1973.89,1747.53,1645.8,1922.54,1076.36,1916.18,1650.1,1880.09,1745.37,1456.98,1642.74,1702.97,1369.4,1121.81,1343.49,1419.39,1185.33,1266.73,1933.19,1231.77,1275.04,1695.77,1936.64,1661.05,1231.64,1575.07,1833.01,1601.39,1519.18,1254.81,780.793,906.933,1243.25,1187.82,,1602.02,1763.81,1336.53,1833.12,1852.44,1895.02,1350.87,686.011,765.819,2185.8
2.4,1852.72,1696.17,2182.43,1390.6,2383.58,2142.5,1591.45,2110.33,1579.44,1305.22,1511.63,1894.87,911.587,1010.42,1734.67,1285.19,1162.51,1200.84,1398.75,1145.07,2037.53,1150.75,1693,2017.61,1835.39,1795.49,1029.37,1289.01,1099.66,1271.46,1456.73,1854.9,1852.2,1211.87,1852.12,1855.71,1135.62,1882.17,1087.93,2058.66,1660.19,1661.98,1715.55,1413.57,1851.2,1627.21,1369.53,1101.98,1279.84,1395.57,1273.51,1313.24,1855.08,1232.08,1301.15,1793.13,1944.95,1558.59,1203.46,1444.29,1723.44,1689.06,1208.35,1174.63,973.957,986.603,1358.42,1320.23,,1708.01,1729,1301.86,1766.14,1685.47,1923.96,1340.57,795.508,857.347,2065.82
2.5,1792.21,1645.16,2018.79,1399.5,2333,2199.73,1613.12,1860.67,1576.29,1266.39,1592.5,2100.07,952.549,970.576,1650.37,1342.65,1175.45,1306.23,1447.67,1330.22,2037.75,1089.55,1630,1961.79,1834.76,1887.52,736.106,1258.63,1114.97,1235.35,1671.64,1830.98,1735.75,1237.13,1636.04,1852.97,1390.65,1822.43,967.937,1973.06,1604.72,1680.68,1710.25,1354.04,1780.55,1627.81,1366.25,1174.56,1458.19,1444.61,1136.43,1160.62,1572.79,1288.18,1180.17,1975.54,1963.1,1617.94,1214.65,1575.7,1741.23,1608.46,1519.54,1325.08,919.974,1042.76,1268.68,1230.88,,1785.61,1745.87,1304.89,1682.06,1852.49,1861.3,1520.44,720.897,868.207,2363.88
2.6,1649.29,1686.24,2212.4,1489.91,2269.59,2335.39,1684.55,1860.74,1544.25,1244.11,1709.62,2265.37,951.326,981.138,1736.02,1197.84,983.183,1364.98,1267.57,1371.58,2291.84,1068.53,1665.8,1963.73,1919.9,1930.47,989.263,1284.56,1154.02,1141.26,1704.48,1660.85,1647.86,1291.62,1637.57,1846.14,1263.39,1740.62,1128.43,1524.85,1700.97,1867.77,1642.56,1361.11,1866.68,1413.42,1193.58,1066.89,1367.55,1647.62,1184.63,1344.83,1709.15,1307.15,1254.77,1941.42,1808.4,1673.55,1200.68,1558.14,1694.29,1649.81,1467.13,1215,959.081,1020.75,1219.72,1290.23,,1717.94,1806.51,1338.55,1648.33,1963.42,1828.69,1508.96,712.224,904.746,1969.37
2.7,1811.62,1713.16,2209.93,1456.36,2299.12,2255.5,1676.77,1899.09,1662.33,1312.08,1918,2179.15,952.22,1139.73,1834.29,1228.23,1165.89,1414.56,1327.27,1374.02,2221.45,1156.76,1720.94,1864.56,1755.19,1905.42,971.436,1194.62,1121.09,1193.59,1692.38,1905.13,1818.26,1203.69,1679.82,1801.34,1483.97,1838.33,1038.97,2039.18,1669.59,1741.23,1842.74,1453.03,1938.89,1528.76,1277.15,1223.23,1206.11,1376.32,1242.94,1415.7,1675.58,1215.4,1176.8,1750.42,1717.52,1712.26,1211.19,1695.48,1745.95,1570.92,1436.98,1240.95,888.97,1000.34,1198.71,1225.46,,1640.23,1755.39,1446.39,1827.69,1723.97,1742.7,1494.15,680.911,960.462,2080.41
2.8,1714.92,1668.07,2100.52,1389.61,2247.36,2305.05,1424.11,1817.05,1723.17,1356.1,2065.42,2258.98,926.72,1116.1,1702.22,1249.22,1290.3,1230.46,1391.59,1384.95,2203.72,1249.02,1605.38,1947.07,1772.93,2096.28,1104.73,1338.99,1174.82,1139.54,1707.09,1500.57,1747.95,1058.7,1568.26,1923.13,1490.6,1823.83,1081.69,1592.31,1824.54,1874.17,1727.72,1388.7,1576.75,1456.39,1472.35,1342.51,1317.06,1434.16,1251.62,1412.13,1708.17,1336.8,1306.75,1735.81,1716.82,1725.38,1254.36,1683.48,1812.46,1717.54,1307.56,1390.69,970.363,990.931,1222.11,1231.76,,1865.88,1616,1489.25,1850.93,1970.99,2095.31,1510.29,739.482,790.453,2400.03
2.9,1835.67,1561.12,1920.46,1377.11,2337.64,2142.31,1773.54,1769.99,1757.35,1430.65,1846.6,2176.03,934.008,1122.57,1824.52,1196.64,1105.11,1026.21,1404.48,1320.04,2228.24,1109.28,1677.52,1885.91,2087.56,2019.67,1072.66,1442.27,1235.87,1210.31,1638.6,2005.36,1773.42,1162.12,2017.08,1939.97,1432.67,1830.57,1160.73,1781.46,1931.93,1825.69,1664.13,1494.08,1795.67,1290.46,1436.21,1349.54,1344.83,1425.71,1278.47,1333.12,1664.61,1411.84,1156.67,1887.55,1882.82,1850.57,1260.89,1690.66,1606.5,1723.64,1550.73,1300.99,1049.11,979.363,1212.83,1379.99,1623.76,1874.11,1604.13,1461.7,1884.23,1810.05,1963.98,1397.21,719.17,761.169,2467.26
3,1789.9,1680.49,2105.83,1348.13,2389.41,2173.2,1746.39,1581.59,1586.97,1318.25,2104.13,2344.4,921.673,1070.88,1748.31,1226.88,1309.66,1160.54,1258.8,1331.87,2156.76,1207.11,1642.33,1783.72,1775.52,1920.39,1063.77,1273.66,1134.14,1150.09,1836.82,1861.53,1817.43,1169.97,1744.42,1905.8,1490.29,1938.23,1002.57,1575.73,1783.65,1686.02,1634.65,1466.31,1832.96,1791.57,1416.83,1294.66,1392.65,1280.46,1218.3,1474.97,1622.86,1408.95,1206.36,1923.39,1766.63,1816.26,1167.2,1370.52,1717.85,1625.44,1583.86,1315.7,883.802,990.285,1252.72,1235.88,1439.54,1811.5,1697.8,1470.17,1869.89,1984.27,1883.24,1291.71,752.003,916.049,1690.18
3.1,1836.19,1572.25,2158.14,1444.74,2378.49,2322.08,1953.94,1837.31,1665.51,1353.91,2045.83,2200.54,974.356,1062.2,1744.31,1320.96,1208.7,1084.62,1770.73,1280.63,2065,1081.34,1785.81,1822.35,1872.62,1907.2,1124.29,1200.59,1075.45,1174,1698.4,2052.4,1797.06,,1907.95,1942.79,1551.56,2024.32,1217.68,2167.63,1806.68,1846.57,1669.62,1419.3,1842.1,1832.69,1396.49,1161.13,1390.68,1369.75,1231.08,1498.07,1349.47,1438.94,1269.26,2037.18,1762.97,1791.78,1338.02,1613.04,1980.69,1652,1451.05,1402.6,1019.39,1024.24,1157.07,1199.03,1555.5,1882.55,1732.08,1340.14,1816.17,1889.65,1846.22,1333.59,667.784,1007.79,1961.49
3.2,1857.67,1655.11,1997.9,1547.4,2231.05,1971.08,1846.43,1919.55,1653.24,1388.14,2151.99,2238.91,974.835,1128.81,1860.75,1321.98,1221.34,,1546.14,1202.35,1988.35,1114.52,1787.96,1832.81,1948.48,1966.6,1173.3,1243.67,903.913,1187.94,1770.36,1960.9,1436.22,,1673.97,1851.63,1548.63,1922.72,1203.3,1708.67,1799.14,1701.64,1773.75,1361.41,1707.49,1834.94,1281.8,1206.31,1422.17,1246.14,1232.89,1704.9,1277.85,1488.05,1162.1,1725.31,1667.91,1691.72,1215.41,1766.16,1729.12,1639.07,1478.64,1502.31,957.936,921.41,1106.82,1096.41,1384.25,1933.92,1679.76,1246.56,1904.74,1748.89,2007.85,1442.88,683.505,1065.16,1906.5
3.3,1811.75,1557.68,2106.82,1545.37,2137.79,2459,1895.53,1977.09,1722.8,1434.8,2004.8,2102.65,937.49,911.783,1956.77,1287.06,1234.01,,1543.44,1106.53,1903.64,1057.28,1722.92,1739.07,1626.09,1654.37,1212.83,1408.62,900.806,1042.26,1694.47,1634.95,1721.64,,1898.24,1924.61,1358.82,1807.84,1102.66,1685.34,1929.02,1765.44,1626.7,1293.57,1656.84,1905.55,1179.12,1206.23,1381.04,1305.74,1236.97,1700.61,1116.79,1443.52,1279.39,1872.5,1641.34,1735.61,1462.74,1558.22,1833.85,1604.17,1505.92,1270.18,1004.08,945.993,1157.26,1344.38,1170.51,1698.35,1742.49,1112.76,1741.72,1780.45,1932.94,1173.62,653.905,939.135,2212.55
3.4,1798.13,1448.25,1770.12,1500.75,2391.99,2496.04,1866.13,1913.69,1629.1,1292.6,2027.87,2172.07,920.414,973.108,1897.75,1344.42,1241.18,,1683.07,1205.69,2020.64,1027.27,1586.66,1679.04,1725.98,1702.5,1169.15,1369.09,1281.27,1186.62,1644.99,1849.82,1845.16,,1810.77,1834.02,1510.19,1740.78,1144.18,1975.89,1782.9,1657.86,1565.52,1198.71,1575.5,1464.02,1395.65,1361.71,1390.97,1373.68,1217.3,1579.15,1343.1,1314.51,1336.31,1860.41,1925.08,1633.91,1454.96,1670.25,1770.88,1734.33,1416.21,1469.74,944.828,1101.31,1177.33,1451.69,1429,1602.77,1535.93,1157.83,1650.4,1773.19,1918.53,1118.91,721.014,820.797,2452.89
3.5,1876.03,1721.31,1816.71,1447.36,2180.71,2233.43,2018.12,1815,1740.92,1144.55,2095.62,2101.6,899.792,998.106,1916.99,1328.87,1234.8,,1598.48,1205.52,2071.68,1061.93,1789.36,1875.57,1873.51,1727.37,1146.55,1346.35,,1264.75,1737.41,1746.75,1626.84,,1790.62,1940.44,1570.59,1609.47,1309.74,1916.96,1824.23,1932.9,1817.9,1289.05,1713.94,1792.31,1384.12,1337.63,1361.84,1373.02,1121.18,1753.04,1166.08,1391.05,1278.57,1972.09,2025.63,1533.85,1292.17,1598.1,1733.24,1653.76,1411.94,1375.82,988.369,982.406,1191.17,1531.54,1464.8,1485,1531.35,1314.25,2006.74,1906.04,2179.45,1238.8,741.762,912.797,2698.84
3.6,1823.68,1488.3,2104.9,1484.55,2393.93,2251.39,1985.34,1942.46,1754.58,1350.15,2089.64,2211.82,1019.13,914.409,1936.27,1344.41,1227.52,,1791.54,1161.94,2023.75,1206.37,1699.7,1678.41,1881.91,1860.77,1321.28,1420.56,,1179.3,1606.35,1796.9,1625.93,,1947.48,1899.72,1563.27,1876.72,1243.68,2048.94,1954.2,1969.64,1917.03,1466.6,1906.87,1866.57,1283.47,1366.75,1403.2,1364.13,1277.99,1424.05,1136.03,1367.21,1178.68,1981.03,1951.21,1562.89,1289.99,1642.64,1655.45,1769.93,1353.21,1543.71,946.57,1169.45,1225.68,1416.98,1494.35,1566.69,1675.23,1276.21,1841.09,1694.24,2063.86,1243.96,755.438,1113.75,2485.14
3.7,1768.3,1549.59,1548.43,1470.98,2394.38,2176.79,2130.44,2021.13,1760.95,1334.22,1938.46,2448.6,915.814,,1822.96,1384.66,1318.92,,1694.39,1261.82,2065.86,1205.82,1695.7,1812.27,1961.18,2133.21,1259.96,,,1269.13,1577.24,1904.55,1783.65,,2037.6,1969.01,1119.66,2023.84,1197.8,1949.91,1699.41,2018.39,1711.22,1329.99,1840.79,1813.74,1254.37,1358.97,1310.13,1307.16,1283.53,1762.19,1326.23,1342.84,1296.01,1946.5,1990.53,1746.07,1226.59,1775.33,1408.27,1779.86,1600.07,1521.96,937.293,1216.9,1180.21,1369.02,1219.9,1571.53,1307.63,1232.27,1903.14,1727.94,2041.71,1313.56,650.521,1224.21,2709.99
3.8,1830.33,1597.71,1688.53,1465.4,2381.85,2287.88,1741.52,1894.63,1788.42,1280.29,1831.77,2005.69,983.097,,2015.62,1231.89,1393.14,,1678.27,1172.8,2187.27,1329.82,1605.82,1967.49,1872.92,2149.96,1045.85,,,1229.45,1564.78,1944.66,1711.9,,1881.33,1958.76,1339.14,2007.43,1162.71,2221.59,2097.98,1989.12,1781.51,1360.88,1990.63,1861.17,1461.19,1114.89,1359.74,1325.97,1365.73,1420.96,1185.11,1291.74,1397.09,1968.57,2025.34,1869.43,1312.68,1749.47,1867.91,1845.54,1679.56,1186.53,1003.28,1411.54,1129.68,1499.07,1509.82,1550.6,1399.95,1392.94,1733.4,1749.4,1861.42,1324.05,764.295,1193.53,2898.02
3.9,1643.23,1829.51,1609.03,1471.18,2243.33,2036.24,1913.94,1777.52,1726.16,1091.64,1942.62,2390.26,1067.94,,1661.83,1429.42,1288.33,,1743.33,1180.92,2034.59,1119.21,1732.61,1876.61,1721.73,1994.25,1092.71,,,1244.37,1580.62,1948.9,1568.51,,1836.56,1941.86,1366.11,2025.2,1085.61,2199.17,2006.5,1810.23,1821.69,1401.8,1908.71,1840.96,1278.42,1336.77,1397.53,1418.94,1212.73,1427.76,1329.2,1240.96,1360.28,1888.28,2036.53,1659.57,1330.31,1883.71,1915.97,1520.12,1727.76,1359.35,923.937,1391.34,1234.07,1340.23,1493.93,1405.84,1241.78,1230.93,1929.22,1995.25,1688.73,1347.42,789.022,1045.79,2737.57
4,1885.34,1556.87,1758.53,1567.67,2380.02,2101.34,1907.14,1929.37,1716.8,1399,1834.82,2287.03,1059.96,,1817.78,1368.6,1179.29,,1670.46,1284.93,1757.42,1240.68,1585.4,1891.36,1941.08,2025.84,1032.83,,,1017.14,1627.71,2101.9,1842.76,,1970.25,1947.8,1380.36,1800.89,1025.05,2163.78,2031.91,1662.7,1856.33,1348.53,1664.41,1836.34,1328.24,1276.7,1508.96,1418.85,1244.52,1490.39,1553.08,1342.28,1310.61,2044.33,2036.59,1667.92,1320.77,1838.27,1859.09,1957.01,1364.2,1508.62,990.855,1389.79,1224.49,1508.05,1344.24,1350.97,1196.09,1422.75,2010.56,1903.06,1715.06,1369.85,732.089,918.37,2651.66
4.1,1815.31,1539.14,1396.46,1290.35,2180.29,2080.29,1864.88,2108.46,1646.07,1414.44,1781.13,2141.36,1042.06,,1698.76,1306.8,1250.96,,1753.71,1248.96,2231.92,1298.68,1597.12,1842.22,1852.82,1923.25,859.765,,,970.117,1792.26,1937.05,1621.39,,1954.95,1640.77,1426.4,1811.64,1112.98,2071.17,1981.08,1798.59,1919.47,1311.4,1731.53,1673.13,1152.39,1286.32,1395.01,1393.95,1249.28,1493.06,1343.37,1369.26,1319.58,1970.49,1831.44,1662.05,1285.19,1449.04,1678.49,1673.85,1528.65,1428.67,1007.84,1391.15,1203.1,1571.8,1373.47,1516.98,1360.52,1343.68,1894.97,1918.63,1606.86,1240.09,691.467,1080.83,2775.34
4.2,1735.36,1687.96,1608.24,1434.63,2271.57,2198.72,1948,2002.98,1581.07,1105.58,1704.72,2110.74,1025.02,,1969.29,1208.94,1226.05,,1698.81,1199.46,,1319.55,1606.38,1893.89,1934.1,1826.23,1121.69,,,1156.64,1495.06,2114.4,1612.91,,1825.54,1913.5,1555.75,1722.43,1121.74,2171.72,,1839.83,1740.76,1333.78,1746.92,1798.26,1329.38,1254.09,1545.37,1449.27,1193.57,1602.78,1114.59,1383.51,1415.66,2026.84,1774.32,1893.59,1402.45,1714,1602.35,1663.96,1505.02,1470.09,1006.82,1649.21,1165.1,1506.28,1446.04,1514.59,1429,1433.52,1990.74,1711.93,1812.33,1241.61,545.584,999.617,2100.21
4.3,1898.74,1831.27,1639.65,1356.53,2211.26,2084.73,1840.23,1864.2,1701.59,1347.28,1713.7,2236.51,1126.57,,1678.88,1287.2,1233.65,,1699.68,1272.92,,1372.41,1880.6,1949.21,1874.9,1879.78,1222.15,,,1235.79,1770.81,2126.5,1661.14,,1836.81,1771.14,1491.68,1725.72,1225.02,1822.88,,1704.03,1882.37,1545.21,1716.16,1798.8,896.61,1209.46,1508.47,1411.72,1189.23,1171.07,1252.34,1453.28,1359.84,1955.21,1821.28,1758.08,1342.53,1814.54,1730.17,1745.24,1510.38,1465.21,919.227,1371.43,1007.95,1303.3,1480.35,1517.54,1362.08,1391.25,1945.06,1852.39,1692.37,1309.68,717.191,942.053,2253.16
4.4,1976.94,1704.32,2103.6,1342.8,2176.31,2064.44,1884.19,1718.86,1736.17,1287.24,1781.57,2204.08,1166.98,,1916.54,1355.25,1267.05,,1704.86,1297.63,,1298.36,1750.81,1876.88,1873.59,2008.23,1149.17,,,1251.92,1735.19,2059.76,1700.09,,2097.24,1925.17,1511.39,1762.56,1261.43,1958.61,,2019.49,1971.24,,1713.03,1864.03,1094.93,1086.63,1473.31,1421.32,1278.77,1456.08,1008.5,1497.49,1326.78,2017.01,2018.3,1818.56,1159.27,1834,1809.54,1758.51,1740.21,1390.16,942.324,1287.55,1161.98,1409.37,1560.76,1620.93,1472.3,1328.3,2013.23,1927.69,1734.6,1341.08,687.298,1020.13,1410.85
4.5,1988.7,1859.75,2127.33,1439.64,2161.81,2078.43,1885.58,2024.62,1770.28,1327.37,1954.37,2374.2,1135.89,,1688.58,1387.46,1270.1,,1567.64,1300.89,,1302.42,1773.81,1788.67,1993.87,2097.59,1125.69,,,885.74,1591.83,2115.35,1686.29,,1918.89,2156.92,1409.18,1894.39,1340.07,2100.89,,1797.54,1834.19,,1837.63,1993.24,907.993,1208.92,1210.49,1382.25,1311.37,1181.36,1107.49,1435.78,1382.34,2110.24,1945.08,1931.22,1217.57,1977.67,1931.06,1476.82,1579.45,1394.06,1052.54,1416.23,1143.82,1504.05,1538.87,1595.05,1448.94,1421.44,1939.24,2015.88,1687.94,1500.74,724.833,993.126,1092.66
4.6,1863.22,1810.83,2194.45,1467.74,2204.61,2113.28,2106.5,1886.02,1795.33,1404.86,1821.48,2302.64,1162.11,,1825.27,1357.06,1355.56,,1621.41,1218.75,,1332.21,1794.42,1869.55,1970.69,1833.34,1186.25,,,1232.09,1860.27,2115.04,2024.54,,2070.34,1858.73,1442.19,1951.68,1362.15,2095.61,,1941.22,1977.1,,1731.14,1648.14,823.027,1208.72,1455.73,1368.88,1472.23,1385.59,1240.65,1460.87,1455,1975.63,2088.61,2053.52,1324.75,2152.71,2029.09,1946.09,1711.67,1418.16,992.833,1405.24,1213.52,1471.97,1587.37,1498.87,1415.86,1444.59,1855.22,2031.32,1756.16,1455.13,772.243,1070.06,1353.69
4.7,1779.95,1834.43,2006.78,1459.4,2306.18,1994.93,2001.05,1889.38,1753.98,1423.82,1760.17,2134.07,1096.56,,1676.66,1247.75,1222.95,,1799.18,1264.56,,1266.5,1739.86,1947.97,1895.66,2018.17,1053.79,,,1233.03,1750.55,2140,1911.54,,2059.81,1975.72,1431.02,1980.07,1328.84,2097.98,,1824.9,1883.81,,1851.88,1998.92,1005.54,1288.14,1370.73,1389.83,1381.48,1215.48,1193.36,1315.35,1407.92,2020.38,1961.75,1745.27,1295.83,1861.01,1962.37,1822.63,1853.08,1535.74,1099.27,1336.54,1304.71,1462.36,1540.65,1491.72,1354.07,1321.87,1953.85,1996.26,1843.95,1539.55,861.572,1065.47,919.994
4.8,1885.02,1841.06,2093.92,1409.84,2320.89,2245.5,1868.57,1905.55,1613.43,1473.85,1843.67,2097.32,1007.71,,1972.56,1254.43,1255.64,,1684.87,,,1289.5,1704.98,2116.11,1770.82,2066.64,1047.46,,,1183.29,1692.17,2192.91,1763.69,,2043.01,1873.74,1552.73,1675.29,,2150.42,,2124.71,1772.53,,1827.47,1843.22,804.847,1279.89,1528.28,1419.89,1383.11,1345.62,1349.69,1512.14,1430.31,2171.48,2052.98,1908.71,1320.57,1628.4,2005.29,1859.19,1832.72,1583.45,844.425,,1212,1480.59,1401.64,1553.92,1388,1344.75,1850.72,1919.24,1846.78,1452.69,826.035,1114.1,1042.35
4.9,1661.34,1596.89,1784.55,1303.59,2114.09,1769.28,1558.62,1725.89,,1120.8,1631.5,1905.66,954.931,,1674.14,1173.33,1293.47,,1746.68,,,1206.05,1552.8,1703.16,1722.17,1715.63,977.935,,,1152.24,1605.4,1943.13,1613.85,,1914.78,1791.72,1299.03,1634.25,,1640.47,,1666.84,1719.08,,1510.54,1639.91,1106.63,1298.56,1392.04,1315.29,1183.09,1240.21,1106.29,1180.06,1439.1,1875.42,1852.72,1614.02,1332.63,1747.15,1619.1,1685.63,1580.64,1197.43,1014.55,,1163.73,1336.77,1351.91,1516.57,1238.89,1343.1,1730.98,1907.54,1722.82,1337.71,739.833,1025.46,1102.45
5,1821.6,1675.32,1856.57,1446.9,1955.05,2088.86,1850.73,1823.89,,1215.7,1653.64,2004.1,1184.44,,2023.12,1274.76,1352.78,,1937.22,,,1342.15,1605.98,1709.56,1864.21,1804.35,1029.33,,,1311.63,1830.69,2206.83,1730.68,,1819.85,1936.65,1438.53,2068.27,,1963.23,,1884.48,1802.86,,1894.17,1956.47,1124.19,1417.83,1531.93,1191.93,1383.28,1665.77,1237.67,1460.82,1603.8,2094.38,2059.84,1730.56,1438.15,1781.93,2002.25,1961.16,1513.31,1604.82,1132.24,,1220.68,1440.95,1435.5,1606.82,1372.19,1426.35,2032.59,1926.65,1808.88,1559.32,767.169,1033.23,1328.27
5.1,1590.6,1976.81,1871.79,1377.99,2157.46,2113.41,1938.59,1892.24,,1384.35,1728.98,2062.38,1161.18,,1844.81,1278.32,1398.69,,1812.32,,,1311.4,1623.33,1738.82,1917.79,1780.2,1059.01,,,1209.46,1748.19,2140.17,1970.14,,1753.85,1623.78,1526.92,1726.01,,2153,,1873.79,1700.31,,1783.07,1964.8,1142.61,1313.18,1511.8,1390.65,1186.8,1717.83,1258.43,1440.08,1348.12,2126.43,1903.85,1624.08,1332.83,1902.77,2027.23,1806.22,1829.55,1639.49,1015.71,,1186.71,1497.97,1425.65,1813.47,1273.78,1112.55,2003.79,1880.7,1800.28,1495.52,805.134,1020.8,1200.93
5.2,1446.6,1411.7,1427.31,835.968,1869.64,1943.28,1613.21,1559.87,,,1706.55,1795.97,1054.5,,1670.6,1122.37,,,1657.24,,,1193.1,1450.4,1743.6,1709.79,1803.31,922.816,,,1040.46,1759.82,1892.98,1652.02,,1720.73,1754.26,1336.2,1671.58,,1941.95,,1640.74,1660.99,,1731.02,1718.69,862.543,1163.98,1498.51,1256.49,1136.73,1540.11,1321.76,1298.74,1334.45,1818.8,1752.51,1659.14,1185.29,1750.6,1667.05,1736.7,1441.52,1438.75,914.663,,1150.82,1407.64,1251.86,1667.5,1200.43,1296.91,1727.52,1731.03,1635.49,1361.76,872.072,955.285,1547.01
5.3,1827.77,1885.45,1954.87,1089.65,2265.77,2330.93,2056.72,1948.03,,,1939.5,2061.83,1167.8,,1978.49,,,,1860.98,,,1267.69,1644.77,2088.59,1939.3,2036.57,1082,,,1085.46,1729.13,2003.15,2084.75,,1965.65,1888.69,1550.29,1685.11,,,,1996.19,1902.1,,1817.65,2009.18,1117.83,1228.83,1470.46,1324.92,1385.61,1675.35,1549.28,1493.57,1345.78,1992.7,2065.97,1624.87,1379.09,1868.57,1869.82,1726,1660.32,1571.84,1055.39,,1254.29,1416.14,1513.56,1846.95,1479.1,1238.16,2036.33,1741.93,1869.97,1251.91,916.81,998.997,1548.2
5.4,1749.57,2009.74,2099.16,1163.27,2163.07,1949.44,2023.26,2018.33,,,1870.28,2171.08,1029.08,,1826.41,,,,1730.52,,,1445.23,1698.95,1971.82,1830.08,2013.45,1073.29,,,1077.25,1750.87,2192.61,2201.34,,2021.87,2060.72,1505.61,1662.6,,,,1992.96,1913.99,,1976.02,1820.75,1282.85,1186.87,1475.98,1297.43,1355.63,1367.36,1505.87,1417.21,1351.51,2060.72,2130.98,1813.13,1438.57,1938.06,1998.67,1857.64,1914.04,1588.19,907.542,,1304.7,1608.36,1454.18,1888.68,,1402.5,2196.88,1851.92,2121.35,1317.82,726.962,875.33,1521.75
5.5,1744.84,1461.39,1942.13,,2210.28,1859.42,1936.47,1845.4,,,1790.66,1913.49,1122.96,,1743.5,,,,1779.96,,,1421.59,1623.18,1959.91,1830.44,1993.69,1036.66,,,899.582,1643.51,2090.37,2274.83,,1804.34,1955.24,1526.28,1740.86,,,,1886.74,1787.11,,1939.75,1852.85,,1115.61,1468.71,1274.11,1285.74,1394.43,1648.12,1393.77,1428.41,2098.92,2128.86,1693.54,1398.83,1829.65,1911.01,1833.59,1823.6,1522.63,1010.77,,1303.99,1529.55,1345.06,1772.81,,1357.48,1479.29,1547.23,2054.85,1251.79,671.093,871.439,1712.35
5.6,1765.61,1723.46,1616.85,,2056.37,1944.13,1985.58,1844.37,,,1766.73,2065.91,,,1764.06,,,,1735.98,,,1403.58,1587.65,2033.28,1933.44,1749.93,1106.38,,,1316.25,1618.06,2174.53,2123.61,,1809.55,1960.47,1458.43,1764.98,,,,2118.07,2059.15,,1880.83,1859.66,,1318.97,1292.44,1342.93,1160.62,1472.62,1757.33,1474.57,1527.35,2127.92,2007.82,1579.95,1403.06,1806.23,1827.49,1682.53,1895.75,1482.89,1077.76,,1213.6,1438.25,1417.18,1728.84,,1570.65,1627.52,1880.06,1770.88,1060.76,683.031,965.498,1807.72
5.7,1859.63,1821.06,1877.16,,2199.94,2128.99,2007.77,1722.79,,,1748.35,1921.27,,,1680.29,,,,1820.62,,,1339.54,1597.79,2084.07,1822.33,1932.24,1000.84,,,1042.76,1680.18,2126.18,2042.08,,1838.55,2005.66,1383.97,1803.03,,,,2013.57,1840.78,,1961.21,1999.37,,1267.61,1325.7,1283.59,1171.99,1392.71,1761.55,1307.86,1562.45,1863.44,2063.54,1560.86,1424.48,1793.27,1933.76,2034.77,1645.02,1605.83,1080.91,,1279.74,1624.03,1390.57,1829.18,,1610.56,1681.3,1663.55,1624.73,1261.71,686.64,975.222,2042.25
5.8,1735.44,1701.2,1829.76,,2241.12,2102.74,2137.04,1843.46,,,1848.01,2141.99,,,1670.61,,,,1830.76,,,1269.91,1661.33,,2037.04,1767.92,1058.53,,,1273.67,1832.48,1867.45,2027.11,,1843.43,1908.58,1250.5,1538.01,,,,1911.03,1806.64,,2155.84,1770.26,,1333.43,1482.61,1320.23,1272.57,1566.33,1538.51,1411.34,1560.07,1970.31,2016.26,,1377.38,1741.88,2018.24,1700.08,1655.74,1605.55,1015.57,,1377.91,1695,1373.02,1817.88,,1393.21,1692.57,2061.28,1762.98,1220.44,610.575,883.938,1924.75
5.9,1865.49,1923.2,2012.65,,2387.85,2057.43,1909.96,2034.92,,,1877.78,2131.57,,,1819.98,,,,1638.98,,,1362.48,1764.74,,1833.61,1668.5,1202.39,,,1471.59,1850.37,2039.01,1857.64,,1927.55,2044.77,1425.78,1671.32,,,,2088.16,1620.58,,2114.11,1989.69,,1291.28,1339.79,1266.93,1232.78,1433.32,1585.19,1476.58,1363.52,2055.38,2138.86,,1446.49,1607.58,1902.12,1589.77,1545.14,1617.75,1041.84,,1359.93,1450.75,1423.03,1749.6,,1411.04,1641.77,1849,1741.63,974.505,666.077,827.457,1886.1
6,1794.99,1757.14,1875.36,,2148.76,2137.95,1946.55,1917.35,,,1901.9,2034.39,,,,,,,1691.57,,,1345.66,1647.1,,1965.86,2075.31,1150.66,,,1399.81,1791.5,2031.11,1997.28,,1953.12,1751.23,1491.81,1868.37,,,,2070.57,1671.84,,1888.11,1979.55,,1165.87,1299.06,1277.78,1267.47,1470.52,1624.36,1399.89,1515.8,1971.63,1898.79,,1450,1757.81,2207.85,1428.43,1598.29,1535.32,955.736,,1362.35,1466.25,1446.39,1677.09,,1387.77,1620.96,1729.09,1867.32,1124.38,610.206,894.379,2735.71
6.1,1789.33,1706.61,2004.98,,2227.43,2212.44,1884.25,2136.71,,,1857.43,2175.23,,,,,,,1761.71,,,1402.38,1661.62,,2028.16,1800.64,1102.34,,,1483.79,1795.48,2279.76,2014.92,,1794.18,2063.46,1476.25,,,,,1883.86,1662.49,,2051.93,1933.02,,1180.86,1346.38,1287.28,1209.72,1439.64,1642.64,1430.08,1726.09,1987.73,1969.39,,1435.59,1775.29,2132.03,1540.45,1560.73,1571.48,940.397,,1419.28,1543.1,1425.03,1692.16,,1389.42,1678.96,1846.18,1938.03,1272.22,624.244,910.656,2068.41
